[{"model": "auth.permission", "pk": 1, "fields": {"name": "Can add log entry", "content_type": 1, "codename": "add_logentry"}}, {"model": "auth.permission", "pk": 2, "fields": {"name": "Can change log entry", "content_type": 1, "codename": "change_logentry"}}, {"model": "auth.permission", "pk": 3, "fields": {"name": "Can delete log entry", "content_type": 1, "codename": "delete_logentry"}}, {"model": "auth.permission", "pk": 4, "fields": {"name": "Can add permission", "content_type": 2, "codename": "add_permission"}}, {"model": "auth.permission", "pk": 5, "fields": {"name": "Can change permission", "content_type": 2, "codename": "change_permission"}}, {"model": "auth.permission", "pk": 6, "fields": {"name": "Can delete permission", "content_type": 2, "codename": "delete_permission"}}, {"model": "auth.permission", "pk": 7, "fields": {"name": "Can add group", "content_type": 3, "codename": "add_group"}}, {"model": "auth.permission", "pk": 8, "fields": {"name": "Can change group", "content_type": 3, "codename": "change_group"}}, {"model": "auth.permission", "pk": 9, "fields": {"name": "Can delete group", "content_type": 3, "codename": "delete_group"}}, {"model": "auth.permission", "pk": 10, "fields": {"name": "Can add user", "content_type": 4, "codename": "add_user"}}, {"model": "auth.permission", "pk": 11, "fields": {"name": "Can change user", "content_type": 4, "codename": "change_user"}}, {"model": "auth.permission", "pk": 12, "fields": {"name": "Can delete user", "content_type": 4, "codename": "delete_user"}}, {"model": "auth.permission", "pk": 13, "fields": {"name": "Can add content type", "content_type": 5, "codename": "add_contenttype"}}, {"model": "auth.permission", "pk": 14, "fields": {"name": "Can change content type", "content_type": 5, "codename": "change_contenttype"}}, {"model": "auth.permission", "pk": 15, "fields": {"name": "Can delete content type", "content_type": 5, "codename": "delete_contenttype"}}, {"model": "auth.permission", "pk": 16, "fields": {"name": "Can add session", "content_type": 6, "codename": "add_session"}}, {"model": "auth.permission", "pk": 17, "fields": {"name": "Can change session", "content_type": 6, "codename": "change_session"}}, {"model": "auth.permission", "pk": 18, "fields": {"name": "Can delete session", "content_type": 6, "codename": "delete_session"}}, {"model": "auth.permission", "pk": 19, "fields": {"name": "Can add site", "content_type": 7, "codename": "add_site"}}, {"model": "auth.permission", "pk": 20, "fields": {"name": "Can change site", "content_type": 7, "codename": "change_site"}}, {"model": "auth.permission", "pk": 21, "fields": {"name": "Can delete site", "content_type": 7, "codename": "delete_site"}}, {"model": "auth.permission", "pk": 22, "fields": {"name": "Can add account", "content_type": 8, "codename": "add_account"}}, {"model": "auth.permission", "pk": 23, "fields": {"name": "Can change account", "content_type": 8, "codename": "change_account"}}, {"model": "auth.permission", "pk": 24, "fields": {"name": "Can delete account", "content_type": 8, "codename": "delete_account"}}, {"model": "auth.permission", "pk": 25, "fields": {"name": "Can add account deletion", "content_type": 9, "codename": "add_accountdeletion"}}, {"model": "auth.permission", "pk": 26, "fields": {"name": "Can change account deletion", "content_type": 9, "codename": "change_accountdeletion"}}, {"model": "auth.permission", "pk": 27, "fields": {"name": "Can delete account deletion", "content_type": 9, "codename": "delete_accountdeletion"}}, {"model": "auth.permission", "pk": 28, "fields": {"name": "Can add email address", "content_type": 10, "codename": "add_emailaddress"}}, {"model": "auth.permission", "pk": 29, "fields": {"name": "Can change email address", "content_type": 10, "codename": "change_emailaddress"}}, {"model": "auth.permission", "pk": 30, "fields": {"name": "Can delete email address", "content_type": 10, "codename": "delete_emailaddress"}}, {"model": "auth.permission", "pk": 31, "fields": {"name": "Can add email confirmation", "content_type": 11, "codename": "add_emailconfirmation"}}, {"model": "auth.permission", "pk": 32, "fields": {"name": "Can change email confirmation", "content_type": 11, "codename": "change_emailconfirmation"}}, {"model": "auth.permission", "pk": 33, "fields": {"name": "Can delete email confirmation", "content_type": 11, "codename": "delete_emailconfirmation"}}, {"model": "auth.permission", "pk": 34, "fields": {"name": "Can add signup code", "content_type": 12, "codename": "add_signupcode"}}, {"model": "auth.permission", "pk": 35, "fields": {"name": "Can change signup code", "content_type": 12, "codename": "change_signupcode"}}, {"model": "auth.permission", "pk": 36, "fields": {"name": "Can delete signup code", "content_type": 12, "codename": "delete_signupcode"}}, {"model": "auth.permission", "pk": 37, "fields": {"name": "Can add signup code result", "content_type": 13, "codename": "add_signupcoderesult"}}, {"model": "auth.permission", "pk": 38, "fields": {"name": "Can change signup code result", "content_type": 13, "codename": "change_signupcoderesult"}}, {"model": "auth.permission", "pk": 39, "fields": {"name": "Can delete signup code result", "content_type": 13, "codename": "delete_signupcoderesult"}}, {"model": "auth.permission", "pk": 40, "fields": {"name": "Can add password expiry", "content_type": 14, "codename": "add_passwordexpiry"}}, {"model": "auth.permission", "pk": 41, "fields": {"name": "Can change password expiry", "content_type": 14, "codename": "change_passwordexpiry"}}, {"model": "auth.permission", "pk": 42, "fields": {"name": "Can delete password expiry", "content_type": 14, "codename": "delete_passwordexpiry"}}, {"model": "auth.permission", "pk": 43, "fields": {"name": "Can add password history", "content_type": 15, "codename": "add_passwordhistory"}}, {"model": "auth.permission", "pk": 44, "fields": {"name": "Can change password history", "content_type": 15, "codename": "change_passwordhistory"}}, {"model": "auth.permission", "pk": 45, "fields": {"name": "Can delete password history", "content_type": 15, "codename": "delete_passwordhistory"}}, {"model": "auth.permission", "pk": 46, "fields": {"name": "Can add log", "content_type": 16, "codename": "add_log"}}, {"model": "auth.permission", "pk": 47, "fields": {"name": "Can change log", "content_type": 16, "codename": "change_log"}}, {"model": "auth.permission", "pk": 48, "fields": {"name": "Can delete log", "content_type": 16, "codename": "delete_log"}}, {"model": "auth.permission", "pk": 49, "fields": {"name": "Can add quiz", "content_type": 17, "codename": "add_quiz"}}, {"model": "auth.permission", "pk": 50, "fields": {"name": "Can change quiz", "content_type": 17, "codename": "change_quiz"}}, {"model": "auth.permission", "pk": 51, "fields": {"name": "Can delete quiz", "content_type": 17, "codename": "delete_quiz"}}, {"model": "auth.permission", "pk": 52, "fields": {"name": "Can add category", "content_type": 18, "codename": "add_category"}}, {"model": "auth.permission", "pk": 53, "fields": {"name": "Can change category", "content_type": 18, "codename": "change_category"}}, {"model": "auth.permission", "pk": 54, "fields": {"name": "Can delete category", "content_type": 18, "codename": "delete_category"}}, {"model": "auth.permission", "pk": 55, "fields": {"name": "Can add question response", "content_type": 19, "codename": "add_questionresponse"}}, {"model": "auth.permission", "pk": 56, "fields": {"name": "Can change question response", "content_type": 19, "codename": "change_questionresponse"}}, {"model": "auth.permission", "pk": 57, "fields": {"name": "Can delete question response", "content_type": 19, "codename": "delete_questionresponse"}}, {"model": "auth.permission", "pk": 58, "fields": {"name": "Can add question", "content_type": 20, "codename": "add_question"}}, {"model": "auth.permission", "pk": 59, "fields": {"name": "Can change question", "content_type": 20, "codename": "change_question"}}, {"model": "auth.permission", "pk": 60, "fields": {"name": "Can delete question", "content_type": 20, "codename": "delete_question"}}, {"model": "auth.permission", "pk": 61, "fields": {"name": "Can add choice", "content_type": 21, "codename": "add_choice"}}, {"model": "auth.permission", "pk": 62, "fields": {"name": "Can change choice", "content_type": 21, "codename": "change_choice"}}, {"model": "auth.permission", "pk": 63, "fields": {"name": "Can delete choice", "content_type": 21, "codename": "delete_choice"}}, {"model": "auth.permission", "pk": 64, "fields": {"name": "Can add question status", "content_type": 22, "codename": "add_questionstatus"}}, {"model": "auth.permission", "pk": 65, "fields": {"name": "Can change question status", "content_type": 22, "codename": "change_questionstatus"}}, {"model": "auth.permission", "pk": 66, "fields": {"name": "Can delete question status", "content_type": 22, "codename": "delete_questionstatus"}}, {"model": "auth.user", "pk": 1, "fields": {"password": "pbkdf2_sha256$100000$tbETEE9WRBrv$JPB3xYY/icKBBjt2M7gMFIfHq/Ke4JAvxY+Sv7gtCBA=", "last_login": "2018-04-03T18:57:35.648Z", "is_superuser": false, "username": "markdawson", "first_name": "", "last_name": "", "email": "mark@markdawson.io", "is_staff": false, "is_active": true, "date_joined": "2018-04-03T18:57:35.205Z", "groups": [], "user_permissions": []}}, {"model": "auth.user", "pk": 2, "fields": {"password": "pbkdf2_sha256$100000$Mkgr2QRU3jA0$mg6PMomX+02eMXqFjkqhel9auZyL3tKIomjvAgcpJhA=", "last_login": "2018-04-27T18:35:03.842Z", "is_superuser": true, "username": "buster", "first_name": "", "last_name": "", "email": "", "is_staff": true, "is_active": true, "date_joined": "2018-04-03T20:53:53.510Z", "groups": [], "user_permissions": []}}, {"model": "auth.user", "pk": 3, "fields": {"password": "pbkdf2_sha256$100000$OzkmC9qiaY0R$egJDgfkjMFp05BarGH6cI/6aFcsdRbK0unjr3TiBYIs=", "last_login": null, "is_superuser": false, "username": "student4", "first_name": "", "last_name": "", "email": "student4@teacher-feedback.com", "is_staff": false, "is_active": true, "date_joined": "2018-04-12T20:52:40.306Z", "groups": [], "user_permissions": []}}, {"model": "auth.user", "pk": 4, "fields": {"password": "pbkdf2_sha256$100000$mDOIS46ZVJj0$0IqOPEs+aQFCI5t9SeoCGpV92qC9+5V+pGk7pL1Ms6U=", "last_login": "2018-04-12T20:55:46.443Z", "is_superuser": false, "username": "student5", "first_name": "", "last_name": "", "email": "student5@teacher-feedback.com", "is_staff": false, "is_active": true, "date_joined": "2018-04-12T20:53:17.491Z", "groups": [], "user_permissions": []}}, {"model": "sessions.session", "pk": "2a5ub77ojrqhebf9bu1ue0viyih4lbgz", "fields": {"session_data": "ZDI4MzVlNmQ1MmI0NGI3Zjk5MjE2ZDc5ODRjNDI3ZjBmMDhmM2FiODp7Il9hdXRoX3VzZXJfaWQiOiIyIiwiX2F1dGhfdXNlcl9iYWNrZW5kIjoiYWNjb3VudC5hdXRoX2JhY2tlbmRzLlVzZXJuYW1lQXV0aGVudGljYXRpb25CYWNrZW5kIiwiX2F1dGhfdXNlcl9oYXNoIjoiZmMxMGViMGE4ZjA3OWQ5Njg5MjQ2MTk4MjU0MmY1ZjdiN2ZjYmU0OSIsIl9zZXNzaW9uX2V4cGlyeSI6MH0=", "expire_date": "2018-04-18T13:51:23.783Z"}}, {"model": "sessions.session", "pk": "8xmvspno0mnt0od2rqabxjbe1mx3s7sr", "fields": {"session_data": "MWM4Yjg0YjZiYjBhZTA0MjZkMjhjMmRmMWNkMDY0MzZkYjViYThjMjp7Il9hdXRoX3VzZXJfaWQiOiIyIiwiX2F1dGhfdXNlcl9iYWNrZW5kIjoiYWNjb3VudC5hdXRoX2JhY2tlbmRzLlVzZXJuYW1lQXV0aGVudGljYXRpb25CYWNrZW5kIiwiX2F1dGhfdXNlcl9oYXNoIjoiZmMxMGViMGE4ZjA3OWQ5Njg5MjQ2MTk4MjU0MmY1ZjdiN2ZjYmU0OSJ9", "expire_date": "2018-04-26T23:23:11.001Z"}}, {"model": "sessions.session", "pk": "cijy4u2pupmqxz1g0uetfp47a58b8kn9", "fields": {"session_data": "ZDI4MzVlNmQ1MmI0NGI3Zjk5MjE2ZDc5ODRjNDI3ZjBmMDhmM2FiODp7Il9hdXRoX3VzZXJfaWQiOiIyIiwiX2F1dGhfdXNlcl9iYWNrZW5kIjoiYWNjb3VudC5hdXRoX2JhY2tlbmRzLlVzZXJuYW1lQXV0aGVudGljYXRpb25CYWNrZW5kIiwiX2F1dGhfdXNlcl9oYXNoIjoiZmMxMGViMGE4ZjA3OWQ5Njg5MjQ2MTk4MjU0MmY1ZjdiN2ZjYmU0OSIsIl9zZXNzaW9uX2V4cGlyeSI6MH0=", "expire_date": "2018-04-24T13:01:33.292Z"}}, {"model": "sessions.session", "pk": "g1t0eu5vok17adgpblahyfitbwnrxmxt", "fields": {"session_data": "MWM4Yjg0YjZiYjBhZTA0MjZkMjhjMmRmMWNkMDY0MzZkYjViYThjMjp7Il9hdXRoX3VzZXJfaWQiOiIyIiwiX2F1dGhfdXNlcl9iYWNrZW5kIjoiYWNjb3VudC5hdXRoX2JhY2tlbmRzLlVzZXJuYW1lQXV0aGVudGljYXRpb25CYWNrZW5kIiwiX2F1dGhfdXNlcl9oYXNoIjoiZmMxMGViMGE4ZjA3OWQ5Njg5MjQ2MTk4MjU0MmY1ZjdiN2ZjYmU0OSJ9", "expire_date": "2018-05-11T18:35:03.868Z"}}, {"model": "sessions.session", "pk": "qjwry2d815qsxl0jq7b1r14csaajn9e2", "fields": {"session_data": "ZDI4MzVlNmQ1MmI0NGI3Zjk5MjE2ZDc5ODRjNDI3ZjBmMDhmM2FiODp7Il9hdXRoX3VzZXJfaWQiOiIyIiwiX2F1dGhfdXNlcl9iYWNrZW5kIjoiYWNjb3VudC5hdXRoX2JhY2tlbmRzLlVzZXJuYW1lQXV0aGVudGljYXRpb25CYWNrZW5kIiwiX2F1dGhfdXNlcl9oYXNoIjoiZmMxMGViMGE4ZjA3OWQ5Njg5MjQ2MTk4MjU0MmY1ZjdiN2ZjYmU0OSIsIl9zZXNzaW9uX2V4cGlyeSI6MH0=", "expire_date": "2018-05-03T18:33:49.032Z"}}, {"model": "sessions.session", "pk": "yosc0ra70gdgm53t2jnl81p32w6d5n5c", "fields": {"session_data": "ZDI4MzVlNmQ1MmI0NGI3Zjk5MjE2ZDc5ODRjNDI3ZjBmMDhmM2FiODp7Il9hdXRoX3VzZXJfaWQiOiIyIiwiX2F1dGhfdXNlcl9iYWNrZW5kIjoiYWNjb3VudC5hdXRoX2JhY2tlbmRzLlVzZXJuYW1lQXV0aGVudGljYXRpb25CYWNrZW5kIiwiX2F1dGhfdXNlcl9oYXNoIjoiZmMxMGViMGE4ZjA3OWQ5Njg5MjQ2MTk4MjU0MmY1ZjdiN2ZjYmU0OSIsIl9zZXNzaW9uX2V4cGlyeSI6MH0=", "expire_date": "2018-04-24T22:25:48.918Z"}}, {"model": "sites.site", "pk": 1, "fields": {"domain": "localhost:8000", "name": "Quizzle 2"}}, {"model": "sites.site", "pk": 2, "fields": {"domain": "example.com", "name": "example.com"}}, {"model": "account.account", "pk": 1, "fields": {"user": 1, "timezone": "", "language": "en"}}, {"model": "account.account", "pk": 2, "fields": {"user": 2, "timezone": "", "language": "en-us"}}, {"model": "account.account", "pk": 3, "fields": {"user": 3, "timezone": "", "language": "en"}}, {"model": "account.account", "pk": 4, "fields": {"user": 4, "timezone": "", "language": "en"}}, {"model": "account.emailaddress", "pk": 1, "fields": {"user": 1, "email": "mark@markdawson.io", "verified": false, "primary": true}}, {"model": "account.emailaddress", "pk": 2, "fields": {"user": 3, "email": "student4@teacher-feedback.com", "verified": false, "primary": true}}, {"model": "account.emailaddress", "pk": 3, "fields": {"user": 4, "email": "student5@teacher-feedback.com", "verified": false, "primary": true}}, {"model": "account.emailconfirmation", "pk": 1, "fields": {"email_address": 1, "created": "2018-04-03T18:57:35.327Z", "sent": "2018-04-03T18:57:35.521Z", "key": "72e4c4efafa4f42752f3c5420f7c7c3fe6dc90a93629f8a0081aecdfb7be231f"}}, {"model": "account.emailconfirmation", "pk": 2, "fields": {"email_address": 2, "created": "2018-04-12T20:52:40.426Z", "sent": null, "key": "a7483d481b2bbb48392ae922c11a76bf20a8422f26cc81dab723285c53044380"}}, {"model": "account.emailconfirmation", "pk": 3, "fields": {"email_address": 3, "created": "2018-04-12T20:53:17.610Z", "sent": null, "key": "748f7907eed158cf8df3e42a202398c9ab1becf98d5cb8b491c1b578f8b4e159"}}, {"model": "eventlog.log", "pk": 1, "fields": {"user": 1, "timestamp": "2018-04-03T18:57:35.325Z", "action": "USER_SIGNED_UP", "content_type": null, "object_id": null, "extra": "{}"}}, {"model": "eventlog.log", "pk": 2, "fields": {"user": 2, "timestamp": "2018-04-04T13:00:03.851Z", "action": "USER_LOGGED_IN", "content_type": null, "object_id": null, "extra": "{}"}}, {"model": "eventlog.log", "pk": 3, "fields": {"user": 2, "timestamp": "2018-04-04T13:03:52.078Z", "action": "USER_LOGGED_IN", "content_type": null, "object_id": null, "extra": "{}"}}, {"model": "eventlog.log", "pk": 4, "fields": {"user": 2, "timestamp": "2018-04-04T13:51:23.779Z", "action": "USER_LOGGED_IN", "content_type": null, "object_id": null, "extra": "{}"}}, {"model": "eventlog.log", "pk": 5, "fields": {"user": 2, "timestamp": "2018-04-10T13:01:33.286Z", "action": "USER_LOGGED_IN", "content_type": null, "object_id": null, "extra": "{}"}}, {"model": "eventlog.log", "pk": 6, "fields": {"user": 2, "timestamp": "2018-04-10T22:25:48.913Z", "action": "USER_LOGGED_IN", "content_type": null, "object_id": null, "extra": "{}"}}, {"model": "eventlog.log", "pk": 7, "fields": {"user": 3, "timestamp": "2018-04-12T20:52:40.421Z", "action": "USER_SIGNED_UP", "content_type": null, "object_id": null, "extra": "{}"}}, {"model": "eventlog.log", "pk": 8, "fields": {"user": null, "timestamp": "2018-04-12T20:53:05.657Z", "action": "SIGNUP_ATTEMPTED", "content_type": null, "object_id": null, "extra": "{\"username\":\"student4\",\"email\":\"student4@teacher-feedback.com\",\"result\":false}"}}, {"model": "eventlog.log", "pk": 9, "fields": {"user": 4, "timestamp": "2018-04-12T20:53:17.606Z", "action": "USER_SIGNED_UP", "content_type": null, "object_id": null, "extra": "{}"}}, {"model": "eventlog.log", "pk": 10, "fields": {"user": 4, "timestamp": "2018-04-12T20:55:46.446Z", "action": "USER_LOGGED_IN", "content_type": null, "object_id": null, "extra": "{}"}}, {"model": "eventlog.log", "pk": 11, "fields": {"user": null, "timestamp": "2018-04-19T18:33:45.357Z", "action": "LOGIN_ATTEMPTED", "content_type": null, "object_id": null, "extra": "{\"username\":\"profjosh\",\"result\":false}"}}, {"model": "eventlog.log", "pk": 12, "fields": {"user": 2, "timestamp": "2018-04-19T18:33:49.008Z", "action": "USER_LOGGED_IN", "content_type": null, "object_id": null, "extra": "{}"}}, {"model": "quizzes.category", "pk": 1, "fields": {"name": "Emulsions", "published": true, "description": "Description for Category", "slug": "emulsions", "created": "2018-04-03T20:56:11.898Z", "updated": "2018-04-12T23:40:22.648Z"}}, {"model": "quizzes.category", "pk": 2, "fields": {"name": "Gels", "published": true, "description": "Description for Category", "slug": "gels", "created": "2018-04-03T20:56:17.704Z", "updated": "2018-04-12T23:40:18.688Z"}}, {"model": "quizzes.category", "pk": 3, "fields": {"name": "Capsules", "published": true, "description": "In the manufacture of pharmaceuticals, encapsulation refers to a range of dosage forms\u2014techniques used to enclose medicines\u2014in a relatively stable shell known as a capsule, allowing them to, for example, be taken orally or be used as suppositories.", "slug": "capsules", "created": "2018-04-03T20:56:20.726Z", "updated": "2018-04-12T23:40:12.806Z"}}, {"model": "quizzes.category", "pk": 4, "fields": {"name": "Perscriptions", "published": true, "description": "Description for Category", "slug": "perscriptions", "created": "2018-04-13T13:08:14.614Z", "updated": "2018-04-13T13:08:14.614Z"}}, {"model": "quizzes.question", "pk": 1, "fields": {"question_text": "The definitions of compounding activities from USP-NP are listed below. Which definition is incorrect?", "title": null, "slug": "the-definitions-of-compounding-activities-from-usp-np-are-listed-below-which-definition-is-incorrect", "category": 1, "published": true, "save_for_exam": true}}, {"model": "quizzes.question", "pk": 2, "fields": {"question_text": "What are the physiochemical properties that are important in compounded preparations?", "title": null, "slug": "what-are-the-physiochemical-properties-that-are-important-in-compounded-preparations", "category": 2, "published": false, "save_for_exam": true}}, {"model": "quizzes.question", "pk": 3, "fields": {"question_text": "The USP-NF Chapter <795> Pharmaceutical Compounding-Nonsterile Preparations defines compounding as \"______\".", "title": null, "slug": "the-usp-nf-chapter-795-pharmaceutical-compounding-nonsterile-preparations-defines-compounding-as-______", "category": 3, "published": true, "save_for_exam": false}}, {"model": "quizzes.question", "pk": 4, "fields": {"question_text": "What is a dosage form used for the subcutaneous parenteral route?", "title": null, "slug": "what-is-a-dosage-form-used-for-the-subcutaneous-parenteral-route", "category": 1, "published": true, "save_for_exam": true}}, {"model": "quizzes.choice", "pk": 1, "fields": {"question": 1, "choice_text": "Nonsterile-Complex: Requires special training and requires special environment, equipment, procedures", "description": null, "is_correct": false, "order": null, "created": "2018-04-03T21:03:11.579Z", "updated": "2018-04-03T21:03:11.579Z"}}, {"model": "quizzes.choice", "pk": 2, "fields": {"question": 1, "choice_text": "Sterile-High Risk: Using Nonsterile ingredients and Nonsterile water- containing preparations stored more than 6 hours", "description": null, "is_correct": false, "order": null, "created": "2018-04-03T21:03:11.580Z", "updated": "2018-04-03T21:03:11.580Z"}}, {"model": "quizzes.choice", "pk": 3, "fields": {"question": 1, "choice_text": "Nonsterile-Moderate: Requires special calculations, requires calibration of equipment, and stability is not known", "description": null, "is_correct": false, "order": null, "created": "2018-04-03T21:03:11.580Z", "updated": "2018-04-03T21:03:11.580Z"}}, {"model": "quizzes.choice", "pk": 4, "fields": {"question": 1, "choice_text": "Nonsterile-Moderate: Requires special calculations, requires calibration of equipment, and stability is not known", "description": null, "is_correct": false, "order": null, "created": "2018-04-03T21:03:24.735Z", "updated": "2018-04-03T21:03:24.735Z"}}, {"model": "quizzes.choice", "pk": 5, "fields": {"question": 1, "choice_text": "Sterile-Medium Risk: Use aseptic manipulations with only sterile ingredients, products, components, and devices", "description": null, "is_correct": true, "order": null, "created": "2018-04-03T21:03:24.736Z", "updated": "2018-04-03T21:03:24.736Z"}}, {"model": "quizzes.choice", "pk": 6, "fields": {"question": 2, "choice_text": "Melting point", "description": null, "is_correct": false, "order": null, "created": "2018-04-03T21:04:13.674Z", "updated": "2018-04-03T21:04:13.674Z"}}, {"model": "quizzes.choice", "pk": 7, "fields": {"question": 2, "choice_text": "Solubility", "description": null, "is_correct": false, "order": null, "created": "2018-04-03T21:04:13.675Z", "updated": "2018-04-03T21:04:13.675Z"}}, {"model": "quizzes.choice", "pk": 8, "fields": {"question": 2, "choice_text": "Temperature sensitivity", "description": null, "is_correct": false, "order": null, "created": "2018-04-03T21:04:13.675Z", "updated": "2018-04-03T21:04:13.675Z"}}, {"model": "quizzes.choice", "pk": 9, "fields": {"question": 2, "choice_text": "Buffering capacity", "description": null, "is_correct": false, "order": null, "created": "2018-04-03T21:04:13.675Z", "updated": "2018-04-03T21:04:13.675Z"}}, {"model": "quizzes.choice", "pk": 10, "fields": {"question": 2, "choice_text": "All of the above", "description": null, "is_correct": true, "order": null, "created": "2018-04-03T21:04:13.675Z", "updated": "2018-04-03T21:04:13.676Z"}}, {"model": "quizzes.choice", "pk": 11, "fields": {"question": 3, "choice_text": "The preparation, mixing, assembling,altering, packaging, and labeling of the drug, drug-delivery device, or device in accordance with a licensed pratitioner's prescription, medication order, or intiat", "description": null, "is_correct": true, "order": null, "created": "2018-04-03T21:05:07.063Z", "updated": "2018-04-03T21:05:07.063Z"}}, {"model": "quizzes.choice", "pk": 12, "fields": {"question": 3, "choice_text": "Parenteral dosage preparations in institutional settings.", "description": null, "is_correct": false, "order": null, "created": "2018-04-03T21:05:07.064Z", "updated": "2018-04-03T21:05:07.064Z"}}, {"model": "quizzes.choice", "pk": 13, "fields": {"question": 3, "choice_text": "Mass produced from natural or synthetic bulk chemicals and marketed for resale by pharmacies, practioners and others.", "description": null, "is_correct": false, "order": null, "created": "2018-04-03T21:05:07.064Z", "updated": "2018-04-03T21:05:07.064Z"}}, {"model": "quizzes.choice", "pk": 14, "fields": {"question": 4, "choice_text": "Elixirs", "description": null, "is_correct": false, "order": null, "created": "2018-04-03T21:54:37.279Z", "updated": "2018-04-03T21:54:37.279Z"}}, {"model": "quizzes.choice", "pk": 15, "fields": {"question": 4, "choice_text": "Aerosols", "description": null, "is_correct": true, "order": null, "created": "2018-04-03T21:54:37.280Z", "updated": "2018-04-04T13:38:36.939Z"}}, {"model": "quizzes.choice", "pk": 16, "fields": {"question": 4, "choice_text": "Lozenges", "description": null, "is_correct": false, "order": null, "created": "2018-04-03T21:54:37.280Z", "updated": "2018-04-03T21:54:37.280Z"}}, {"model": "quizzes.quiz", "pk": 1, "fields": {"student": 2, "quiz_num_for_student": 1, "question_ids": "[2]", "num_questions": 1, "complete": true, "final_score": null, "created": "2018-04-04T00:46:29.189Z", "updated": "2018-04-13T12:44:40.233Z"}}, {"model": "quizzes.quiz", "pk": 2, "fields": {"student": 2, "quiz_num_for_student": 2, "question_ids": "[1, 4]", "num_questions": 2, "complete": true, "final_score": null, "created": "2018-04-04T02:19:35.940Z", "updated": "2018-04-19T18:33:52.581Z"}}, {"model": "quizzes.quiz", "pk": 3, "fields": {"student": 2, "quiz_num_for_student": 3, "question_ids": "[1, 4, 2]", "num_questions": 5, "complete": true, "final_score": null, "created": "2018-04-04T12:37:23.926Z", "updated": "2018-04-19T18:34:24.151Z"}}, {"model": "quizzes.quiz", "pk": 4, "fields": {"student": 2, "quiz_num_for_student": 4, "question_ids": "[3, 1, 4, 2]", "num_questions": 5, "complete": true, "final_score": null, "created": "2018-04-04T12:53:23.936Z", "updated": "2018-04-12T20:38:41.201Z"}}, {"model": "quizzes.quiz", "pk": 5, "fields": {"student": 2, "quiz_num_for_student": 5, "question_ids": "[2]", "num_questions": 5, "complete": true, "final_score": null, "created": "2018-04-04T13:00:43.945Z", "updated": "2018-04-04T13:01:07.123Z"}}, {"model": "quizzes.quiz", "pk": 6, "fields": {"student": 2, "quiz_num_for_student": 6, "question_ids": "[2]", "num_questions": 1, "complete": true, "final_score": null, "created": "2018-04-04T13:04:01.047Z", "updated": "2018-04-04T13:04:24.445Z"}}, {"model": "quizzes.quiz", "pk": 7, "fields": {"student": 2, "quiz_num_for_student": 7, "question_ids": "[2, 3]", "num_questions": 2, "complete": true, "final_score": null, "created": "2018-04-04T13:52:24.360Z", "updated": "2018-04-13T01:53:37.536Z"}}, {"model": "quizzes.quiz", "pk": 8, "fields": {"student": 2, "quiz_num_for_student": 8, "question_ids": "[2, 3]", "num_questions": 2, "complete": true, "final_score": null, "created": "2018-04-04T13:53:13.921Z", "updated": "2018-04-13T12:44:44.744Z"}}, {"model": "quizzes.quiz", "pk": 9, "fields": {"student": 2, "quiz_num_for_student": 9, "question_ids": "[4, 1]", "num_questions": 2, "complete": true, "final_score": null, "created": "2018-04-10T13:01:41.187Z", "updated": "2018-04-19T18:34:48.092Z"}}, {"model": "quizzes.quiz", "pk": 10, "fields": {"student": 2, "quiz_num_for_student": 10, "question_ids": "[3]", "num_questions": 5, "complete": false, "final_score": null, "created": "2018-04-10T23:46:59.257Z", "updated": "2018-04-10T23:46:59.257Z"}}, {"model": "quizzes.quiz", "pk": 11, "fields": {"student": 2, "quiz_num_for_student": 11, "question_ids": "[3, 2]", "num_questions": 10, "complete": true, "final_score": null, "created": "2018-04-13T00:04:48.213Z", "updated": "2018-04-13T00:05:11.853Z"}}, {"model": "quizzes.quiz", "pk": 12, "fields": {"student": 2, "quiz_num_for_student": 12, "question_ids": "[3, 2]", "num_questions": 2, "complete": false, "final_score": null, "created": "2018-04-13T12:44:57.263Z", "updated": "2018-04-13T12:44:57.263Z"}}, {"model": "quizzes.questionresponse", "pk": 4, "fields": {"student": 2, "quiz": 1, "question": 2, "choice": 8, "attempt_number": null}}, {"model": "quizzes.questionresponse", "pk": 5, "fields": {"student": 2, "quiz": 2, "question": 1, "choice": 2, "attempt_number": null}}, {"model": "quizzes.questionresponse", "pk": 6, "fields": {"student": 2, "quiz": 2, "question": 4, "choice": 15, "attempt_number": null}}, {"model": "quizzes.questionresponse", "pk": 7, "fields": {"student": 2, "quiz": 3, "question": 1, "choice": 5, "attempt_number": null}}, {"model": "quizzes.questionresponse", "pk": 8, "fields": {"student": 2, "quiz": 3, "question": 4, "choice": 15, "attempt_number": null}}, {"model": "quizzes.questionresponse", "pk": 9, "fields": {"student": 2, "quiz": 3, "question": 2, "choice": 10, "attempt_number": null}}, {"model": "quizzes.questionresponse", "pk": 10, "fields": {"student": 2, "quiz": 4, "question": 3, "choice": 12, "attempt_number": null}}, {"model": "quizzes.questionresponse", "pk": 11, "fields": {"student": 2, "quiz": 5, "question": 2, "choice": 9, "attempt_number": null}}, {"model": "quizzes.questionresponse", "pk": 12, "fields": {"student": 2, "quiz": 6, "question": 2, "choice": 7, "attempt_number": null}}, {"model": "quizzes.questionresponse", "pk": 13, "fields": {"student": 2, "quiz": 8, "question": 2, "choice": 10, "attempt_number": null}}, {"model": "quizzes.questionresponse", "pk": 14, "fields": {"student": 2, "quiz": 8, "question": 3, "choice": 11, "attempt_number": null}}, {"model": "quizzes.questionresponse", "pk": 15, "fields": {"student": 2, "quiz": 10, "question": 3, "choice": 11, "attempt_number": null}}, {"model": "quizzes.questionresponse", "pk": 16, "fields": {"student": 2, "quiz": 4, "question": 1, "choice": 2, "attempt_number": null}}, {"model": "quizzes.questionresponse", "pk": 17, "fields": {"student": 2, "quiz": 4, "question": 4, "choice": 15, "attempt_number": null}}, {"model": "quizzes.questionresponse", "pk": 18, "fields": {"student": 2, "quiz": 4, "question": 2, "choice": 6, "attempt_number": null}}, {"model": "quizzes.questionresponse", "pk": 19, "fields": {"student": 2, "quiz": 11, "question": 3, "choice": 12, "attempt_number": null}}, {"model": "quizzes.questionresponse", "pk": 20, "fields": {"student": 2, "quiz": 11, "question": 2, "choice": 10, "attempt_number": null}}, {"model": "quizzes.questionresponse", "pk": 21, "fields": {"student": 2, "quiz": null, "question": 3, "choice": 12, "attempt_number": null}}, {"model": "quizzes.questionresponse", "pk": 22, "fields": {"student": 2, "quiz": null, "question": 3, "choice": 12, "attempt_number": null}}, {"model": "quizzes.questionresponse", "pk": 23, "fields": {"student": 2, "quiz": null, "question": 1, "choice": 5, "attempt_number": null}}, {"model": "quizzes.questionresponse", "pk": 24, "fields": {"student": 2, "quiz": null, "question": 1, "choice": 4, "attempt_number": null}}, {"model": "quizzes.questionresponse", "pk": 25, "fields": {"student": 2, "quiz": null, "question": 1, "choice": 2, "attempt_number": null}}, {"model": "quizzes.questionresponse", "pk": 26, "fields": {"student": 2, "quiz": null, "question": 4, "choice": 15, "attempt_number": null}}, {"model": "quizzes.questionresponse", "pk": 27, "fields": {"student": 2, "quiz": null, "question": 4, "choice": 16, "attempt_number": null}}, {"model": "quizzes.questionresponse", "pk": 28, "fields": {"student": 2, "quiz": 12, "question": 3, "choice": 12, "attempt_number": null}}, {"model": "quizzes.questionresponse", "pk": 29, "fields": {"student": 2, "quiz": 9, "question": 4, "choice": 14, "attempt_number": null}}, {"model": "quizzes.questionresponse", "pk": 30, "fields": {"student": 2, "quiz": 9, "question": 1, "choice": 4, "attempt_number": null}}, {"model": "quizzes.questionstatus", "pk": 1, "fields": {"student": 2, "quiz": null, "question": 3, "feedback_view": false, "has_attempted": false}}, {"model": "quizzes.questionstatus", "pk": 2, "fields": {"student": 2, "quiz": null, "question": 4, "feedback_view": false, "has_attempted": true}}, {"model": "quizzes.questionstatus", "pk": 3, "fields": {"student": 2, "quiz": null, "question": 1, "feedback_view": false, "has_attempted": true}}, {"model": "admin.logentry", "pk": 1, "fields": {"action_time": "2018-04-03T20:56:11.898Z", "user": 2, "content_type": 18, "object_id": "1", "object_repr": "Emulsions", "action_flag": 1, "change_message": "[{\"added\": {}}]"}}, {"model": "admin.logentry", "pk": 2, "fields": {"action_time": "2018-04-03T20:56:17.705Z", "user": 2, "content_type": 18, "object_id": "2", "object_repr": "Gels", "action_flag": 1, "change_message": "[{\"added\": {}}]"}}, {"model": "admin.logentry", "pk": 3, "fields": {"action_time": "2018-04-03T20:56:20.727Z", "user": 2, "content_type": 18, "object_id": "3", "object_repr": "Capsules", "action_flag": 1, "change_message": "[{\"added\": {}}]"}}, {"model": "admin.logentry", "pk": 4, "fields": {"action_time": "2018-04-03T21:01:28.947Z", "user": 2, "content_type": 20, "object_id": "None", "object_repr": "Question object (None)", "action_flag": 1, "change_message": "[{\"added\": {}}]"}}, {"model": "admin.logentry", "pk": 5, "fields": {"action_time": "2018-04-03T21:02:26.227Z", "user": 2, "content_type": 20, "object_id": "1", "object_repr": "Question object (1)", "action_flag": 1, "change_message": "[{\"added\": {}}]"}}, {"model": "admin.logentry", "pk": 6, "fields": {"action_time": "2018-04-03T21:03:11.580Z", "user": 2, "content_type": 20, "object_id": "1", "object_repr": "The definitions of compounding activities from USP-NP are listed below. Which definition is incorrect?", "action_flag": 2, "change_message": "[{\"added\": {\"name\": \"choice\", \"object\": \"Nonsterile-Complex: Requires special training and requires special environment, equipment, procedures\"}}, {\"added\": {\"name\": \"choice\", \"object\": \"Sterile-High Risk: Using Nonsterile ingredients and Nonsterile water- containing preparations stored more than 6 hours\"}}, {\"added\": {\"name\": \"choice\", \"object\": \"Nonsterile-Moderate: Requires special calculations, requires calibration of equipment, and stability is not known\"}}]"}}, {"model": "admin.logentry", "pk": 7, "fields": {"action_time": "2018-04-03T21:03:24.736Z", "user": 2, "content_type": 20, "object_id": "1", "object_repr": "The definitions of compounding activities from USP-NP are listed below. Which definition is incorrect?", "action_flag": 2, "change_message": "[{\"added\": {\"name\": \"choice\", \"object\": \"Nonsterile-Moderate: Requires special calculations, requires calibration of equipment, and stability is not known\"}}, {\"added\": {\"name\": \"choice\", \"object\": \"Sterile-Medium Risk: Use aseptic manipulations with only sterile ingredients, products, components, and devices\"}}]"}}, {"model": "admin.logentry", "pk": 8, "fields": {"action_time": "2018-04-03T21:04:13.676Z", "user": 2, "content_type": 20, "object_id": "2", "object_repr": "What are the physiochemical properties that are important in compounded preparations?", "action_flag": 1, "change_message": "[{\"added\": {}}, {\"added\": {\"name\": \"choice\", \"object\": \"Melting point\"}}, {\"added\": {\"name\": \"choice\", \"object\": \"Solubility\"}}, {\"added\": {\"name\": \"choice\", \"object\": \"Temperature sensitivity\"}}, {\"added\": {\"name\": \"choice\", \"object\": \"Buffering capacity\"}}, {\"added\": {\"name\": \"choice\", \"object\": \"All of the above\"}}]"}}, {"model": "admin.logentry", "pk": 9, "fields": {"action_time": "2018-04-03T21:05:07.064Z", "user": 2, "content_type": 20, "object_id": "3", "object_repr": "The USP-NF Chapter <795> Pharmaceutical Compounding-Nonsterile Preparations defines compounding as \"______\".", "action_flag": 1, "change_message": "[{\"added\": {}}, {\"added\": {\"name\": \"choice\", \"object\": \"The preparation, mixing, assembling,altering, packaging, and labeling of the drug, drug-delivery device, or device in accordance with a licensed pratitioner's prescription, medication order, or intiat\"}}, {\"added\": {\"name\": \"choice\", \"object\": \"Parenteral dosage preparations in institutional settings.\"}}, {\"added\": {\"name\": \"choice\", \"object\": \"Mass produced from natural or synthetic bulk chemicals and marketed for resale by pharmacies, practioners and others.\"}}]"}}, {"model": "admin.logentry", "pk": 10, "fields": {"action_time": "2018-04-03T21:09:02.762Z", "user": 2, "content_type": 18, "object_id": "3", "object_repr": "Capsules", "action_flag": 2, "change_message": "[{\"changed\": {\"fields\": [\"active\"]}}]"}}, {"model": "admin.logentry", "pk": 11, "fields": {"action_time": "2018-04-03T21:09:05.816Z", "user": 2, "content_type": 18, "object_id": "2", "object_repr": "Gels", "action_flag": 2, "change_message": "[{\"changed\": {\"fields\": [\"active\"]}}]"}}, {"model": "admin.logentry", "pk": 12, "fields": {"action_time": "2018-04-03T21:09:09.131Z", "user": 2, "content_type": 18, "object_id": "1", "object_repr": "Emulsions", "action_flag": 2, "change_message": "[{\"changed\": {\"fields\": [\"active\"]}}]"}}, {"model": "admin.logentry", "pk": 13, "fields": {"action_time": "2018-04-03T21:09:16.934Z", "user": 2, "content_type": 20, "object_id": "3", "object_repr": "The USP-NF Chapter <795> Pharmaceutical Compounding-Nonsterile Preparations defines compounding as \"______\".", "action_flag": 2, "change_message": "[{\"changed\": {\"fields\": [\"active\"]}}]"}}, {"model": "admin.logentry", "pk": 14, "fields": {"action_time": "2018-04-03T21:09:21.013Z", "user": 2, "content_type": 20, "object_id": "2", "object_repr": "What are the physiochemical properties that are important in compounded preparations?", "action_flag": 2, "change_message": "[{\"changed\": {\"fields\": [\"active\"]}}]"}}, {"model": "admin.logentry", "pk": 15, "fields": {"action_time": "2018-04-03T21:09:24.545Z", "user": 2, "content_type": 20, "object_id": "1", "object_repr": "The definitions of compounding activities from USP-NP are listed below. Which definition is incorrect?", "action_flag": 2, "change_message": "[{\"changed\": {\"fields\": [\"active\"]}}]"}}, {"model": "admin.logentry", "pk": 16, "fields": {"action_time": "2018-04-03T21:54:37.281Z", "user": 2, "content_type": 20, "object_id": "4", "object_repr": "What is a dosage form used for the subcutaneous parenteral route?", "action_flag": 1, "change_message": "[{\"added\": {}}, {\"added\": {\"name\": \"choice\", \"object\": \"Elixirs\"}}, {\"added\": {\"name\": \"choice\", \"object\": \"Aerosols\"}}, {\"added\": {\"name\": \"choice\", \"object\": \"Lozenges\"}}]"}}, {"model": "admin.logentry", "pk": 17, "fields": {"action_time": "2018-04-04T01:55:02.026Z", "user": 2, "content_type": 19, "object_id": "3", "object_repr": "QuestionResponse object (3)", "action_flag": 3, "change_message": ""}}, {"model": "admin.logentry", "pk": 18, "fields": {"action_time": "2018-04-04T01:55:02.034Z", "user": 2, "content_type": 19, "object_id": "2", "object_repr": "QuestionResponse object (2)", "action_flag": 3, "change_message": ""}}, {"model": "admin.logentry", "pk": 19, "fields": {"action_time": "2018-04-04T01:55:02.036Z", "user": 2, "content_type": 19, "object_id": "1", "object_repr": "QuestionResponse object (1)", "action_flag": 3, "change_message": ""}}, {"model": "admin.logentry", "pk": 20, "fields": {"action_time": "2018-04-04T13:38:36.940Z", "user": 2, "content_type": 20, "object_id": "4", "object_repr": "What is a dosage form used for the subcutaneous parenteral route?", "action_flag": 2, "change_message": "[{\"changed\": {\"name\": \"choice\", \"object\": \"Aerosols\", \"fields\": [\"is_correct\"]}}]"}}, {"model": "admin.logentry", "pk": 21, "fields": {"action_time": "2018-04-12T19:38:19.447Z", "user": 2, "content_type": 7, "object_id": "1", "object_repr": "localhost:8000", "action_flag": 2, "change_message": "[{\"changed\": {\"fields\": [\"name\"]}}]"}}, {"model": "admin.logentry", "pk": 22, "fields": {"action_time": "2018-04-12T23:23:28.235Z", "user": 2, "content_type": 18, "object_id": "3", "object_repr": "Capsules", "action_flag": 2, "change_message": "[{\"changed\": {\"fields\": [\"description\"]}}]"}}, {"model": "admin.logentry", "pk": 23, "fields": {"action_time": "2018-04-12T23:40:12.808Z", "user": 2, "content_type": 18, "object_id": "3", "object_repr": "Capsules", "action_flag": 2, "change_message": "[]"}}, {"model": "admin.logentry", "pk": 24, "fields": {"action_time": "2018-04-12T23:40:18.689Z", "user": 2, "content_type": 18, "object_id": "2", "object_repr": "Gels", "action_flag": 2, "change_message": "[]"}}, {"model": "admin.logentry", "pk": 25, "fields": {"action_time": "2018-04-12T23:40:22.649Z", "user": 2, "content_type": 18, "object_id": "1", "object_repr": "Emulsions", "action_flag": 2, "change_message": "[]"}}, {"model": "admin.logentry", "pk": 26, "fields": {"action_time": "2018-04-13T13:08:14.624Z", "user": 2, "content_type": 18, "object_id": "4", "object_repr": "Perscriptions", "action_flag": 1, "change_message": "[{\"added\": {}}]"}}, {"model": "admin.logentry", "pk": 27, "fields": {"action_time": "2018-04-27T18:39:47.821Z", "user": 2, "content_type": 20, "object_id": "4", "object_repr": "What is a dosage form used for the subcutaneous parenteral route?", "action_flag": 2, "change_message": "[{\"changed\": {\"fields\": [\"save_for_exam\"]}}]"}}, {"model": "admin.logentry", "pk": 28, "fields": {"action_time": "2018-04-27T18:39:47.867Z", "user": 2, "content_type": 20, "object_id": "3", "object_repr": "The USP-NF Chapter <795> Pharmaceutical Compounding-Nonsterile Preparations defines compounding as \"______\".", "action_flag": 2, "change_message": "[{\"changed\": {\"fields\": [\"save_for_exam\"]}}]"}}, {"model": "admin.logentry", "pk": 29, "fields": {"action_time": "2018-04-27T18:39:47.914Z", "user": 2, "content_type": 20, "object_id": "2", "object_repr": "What are the physiochemical properties that are important in compounded preparations?", "action_flag": 2, "change_message": "[{\"changed\": {\"fields\": [\"save_for_exam\"]}}]"}}, {"model": "admin.logentry", "pk": 30, "fields": {"action_time": "2018-04-27T18:39:47.958Z", "user": 2, "content_type": 20, "object_id": "1", "object_repr": "The definitions of compounding activities from USP-NP are listed below. Which definition is incorrect?", "action_flag": 2, "change_message": "[{\"changed\": {\"fields\": [\"save_for_exam\"]}}]"}}, {"model": "admin.logentry", "pk": 31, "fields": {"action_time": "2018-04-27T18:40:27.601Z", "user": 2, "content_type": 20, "object_id": "3", "object_repr": "The USP-NF Chapter <795> Pharmaceutical Compounding-Nonsterile Preparations defines compounding as \"______\".", "action_flag": 2, "change_message": "[{\"changed\": {\"fields\": [\"save_for_exam\"]}}]"}}, {"model": "admin.logentry", "pk": 32, "fields": {"action_time": "2018-04-27T18:40:32.824Z", "user": 2, "content_type": 20, "object_id": "2", "object_repr": "What are the physiochemical properties that are important in compounded preparations?", "action_flag": 2, "change_message": "[{\"changed\": {\"fields\": [\"published\"]}}]"}}]